feature	s__Methanobrevibacter_smithii	s__Actinomyces_sp_ICM58	s__Trueperella_pyogenes	s__Bifidobacterium_adolescentis	s__Bifidobacterium_bifidum	s__Bifidobacterium_breve	s__Bifidobacterium_catenulatum	s__Bifidobacterium_dentium	s__Bifidobacterium_longum	s__Bifidobacterium_pseudocatenulatum	s__Rothia_mucilaginosa	s__Isoptericola_variabilis	s__Lancefieldella_parvula	s__Collinsella_aerofaciens	s__Collinsella_bouchesdurhonensis	s__Collinsella_tanakaei	s__Senegalimassilia_anaerobia	s__Adlercreutzia_equolifaciens	s__Eggerthellaceae_bacterium	s__Eggerthella_lenta	s__Slackia_isoflavoniconvertens	s__Bacteroidaceae_bacterium	s__Bacteroides_caccae	s__Bacteroides_cellulosilyticus	s__Bacteroides_clarus	s__Bacteroides_eggerthii	s__Bacteroides_faecis	s__Bacteroides_finegoldii	s__Bacteroides_fragilis	s__Bacteroides_intestinalis	s__Bacteroides_nordii	s__Bacteroides_ovatus	s__Bacteroides_salyersiae	s__Bacteroides_stercoris	s__Bacteroides_thetaiotaomicron	s__Bacteroides_uniformis	s__Bacteroides_xylanisolvens	s__Phocaeicola_dorei	s__Phocaeicola_massiliensis	s__Phocaeicola_vulgatus	s__Barnesiella_intestinihominis	s__Coprobacter_fastidiosus	s__Coprobacter_secundus	s__Butyricimonas_faecihominis	s__Butyricimonas_paravirosa	s__Odoribacter_splanchnicus	s__Paraprevotella_clara	s__Prevotella_copri_clade_A	s__Prevotella_histicola	s__Prevotella_marseillensis	s__Alistipes_communis	s__Alistipes_finegoldii	s__Alistipes_ihumii	s__Alistipes_indistinctus	s__Alistipes_inops	s__Alistipes_onderdonkii	s__Alistipes_putredinis	s__Alistipes_senegalensis	s__Alistipes_shahii	s__Parabacteroides_distasonis	s__Parabacteroides_merdae	s__Gemella_morbillorum	s__Granulicatella_adiacens	s__Enterococcus_faecalis	s__Enterococcus_faecium	s__Lacticaseibacillus_paracasei	s__Lacticaseibacillus_rhamnosus	s__Lactobacillus_delbrueckii	s__Lactobacillus_gasseri	s__Ligilactobacillus_salivarius	s__Limosilactobacillus_fermentum	s__Limosilactobacillus_oris	s__Lactococcus_lactis	s__Streptococcus_anginosus	s__Streptococcus_constellatus	s__Streptococcus_cristatus	s__Streptococcus_gordonii	s__Streptococcus_infantis	s__Streptococcus_mitis	s__Streptococcus_mutans	s__Streptococcus_oralis	s__Streptococcus_parasanguinis	s__Streptococcus_salivarius	s__Streptococcus_sp_263_SSPC	s__Streptococcus_thermophilus	s__Candidatus_Avimicrobium_caecorum	s__Clostridia_bacterium	s__Clostridia_bacterium_UC5_1_1D1	s__Clostridiaceae_bacterium	s__Clostridiaceae_bacterium_OM08_6BH	s__Clostridium_disporicum	s__Clostridium_fessum	s__Clostridium_paraputrificum	s__Clostridium_phoceensis	s__Clostridium_sp_AF20_17LB	s__Clostridium_sp_AF34_10BH	s__Clostridium_sp_AM22_11AC	s__Clostridium_sp_AM33_3	s__Clostridium_sp_AM49_4BH	s__Clostridium_sp_AT4	s__Hungatella_hathewayi	s__Mogibacterium_diversum	s__Clostridiales_bacterium	s__Clostridiales_bacterium_KLE1615	s__Evtepia_gabavorous	s__Intestinimonas_butyriciproducens	s__Eubacteriaceae_bacterium	s__Eubacterium_ramulus	s__Eubacterium_sp_AM28_29	s__Eubacterium_ventriosum	s__Anaerobutyricum_hallii	s__Anaerostipes_caccae	s__Anaerostipes_hadrus	s__Anaerotignum_faecicola	s__Anaerotignum_lactatifermentans	s__Blautia_faecis	s__Blautia_glucerasea	s__Blautia_massiliensis	s__Blautia_obeum	s__Blautia_producta	s__Blautia_sp_OF03_15BH	s__Blautia_wexlerae	s__Coprococcus_catus	s__Coprococcus_comes	s__Dorea_formicigenerans	s__Dorea_longicatena	s__Dorea_sp_AF24_7LB	s__Dorea_sp_AF36_15AT	s__Eisenbergiella_massiliensis	s__Eisenbergiella_tayi	s__Enterocloster_aldensis	s__Enterocloster_asparagiformis	s__Enterocloster_bolteae	s__Enterocloster_citroniae	s__Enterocloster_clostridioformis	s__Enterocloster_lavalensis	s__Faecalicatena_contorta	s__Faecalicatena_fissicatena	s__Fusicatenibacter_saccharivorans	s__Clostridium_symbiosum	s__Eubacterium_rectale	s__Lachnospiraceae_bacterium	s__Lachnospiraceae_bacterium_WCA3_601_WT_6H	s__Lachnospira_eligens	s__Lachnospira_pectinoschiza	s__Lacrimispora_amygdalina	s__Lacrimispora_celerecrescens	s__Mediterraneibacter_glycyrrhizinilyticus	s__Ruminococcus_gnavus	s__Ruminococcus_lactaris	s__Ruminococcus_torques	s__Roseburia_faecis	s__Roseburia_hominis	s__Roseburia_intestinalis	s__Roseburia_inulinivorans	s__Sellimonas_intestinalis	s__Tyzzerella_nexilis	s__Dysosmobacter_welbionis	s__Oscillibacter_sp_ER4	s__Intestinibacter_bartlettii	s__Romboutsia_timonensis	s__Agathobaculum_butyriciproducens	s__Anaerotruncus_colihominis	s__Anaerotruncus_rubiinfantis	s__Candidatus_Cibiobacter_qucibialis	s__Faecalibacterium_prausnitzii	s__Flavonifractor_plautii	s__Gemmiger_formicilis	s__Ruminococcaceae_bacterium	s__Ruminococcus_bromii	s__Ruminococcus_sp_NSJ_71	s__Ruthenibacterium_lactatiformans	s__Catenibacterium_sp_AM22_15	s__Coprobacillus_cateniformis	s__Dielma_fastidiosa	s__Clostridium_innocuum	s__Erysipelatoclostridium_ramosum	s__Faecalibacillus_intestinalis	s__Turicibacter_sanguinis	s__Firmicutes_bacterium_AF16_15	s__Acidaminococcus_intestini	s__Phascolarctobacterium_faecium	s__Phascolarctobacterium_succinatutens	s__Megamonas_funiformis	s__Allisonella_histaminiformans	s__Anaeroglobus_geminatus	s__Colibacter_massiliensis	s__Dialister_invisus	s__Dialister_pneumosintes	s__Megasphaera_micronuciformis	s__Veillonella_atypica	s__Veillonella_dispar	s__Veillonella_parvula	s__Veillonella_rogosae	s__Fusobacterium_nucleatum	s__Fusobacterium_pseudoperiodonticum	s__Parasutterella_excrementihominis	s__Sutterella_wadsworthensis	s__Bilophila_wadsworthia	s__Desulfovibrionaceae_bacterium	s__Desulfovibrio_piger	s__Campylobacter_concisus	s__Campylobacter_gracilis	s__Escherichia_coli	s__Klebsiella_pneumoniae	s__Aggregatibacter_segnis	s__Aggregatibacter_sp_oral_taxon_458	s__Haemophilus_parainfluenzae	s__Akkermansia_muciniphila	s__Unknown
HAA.29	0	0	0	0	0	1984	0	8683	695463	0	2406	3675	0	204127	0	0	0	0	0	0	0	0	0	0	0	0	0	0	1853920	0	0	1893827	0	0	15463	128403	0	0	0	16383479	0	0	0	0	0	0	0	0	0	0	0	0	0	0	0	0	0	0	0	17118	0	458	0	0	0	0	0	0	78502	0	1157337	6629	0	21636	1469	1581	3635	0	12357	4088	7120	398236	5421	3623	26499	0	0	0	0	0	0	0	0	0	0	0	737833	0	0	18546	0	0	0	0	0	0	0	0	0	0	0	0	629660	0	0	31874	0	859984	18744	0	0	357954	0	0	0	66514	0	0	0	0	0	0	0	0	0	0	0	0	254263	0	330191	17772	0	0	45688	0	109975	0	272636	353661	0	0	0	0	0	12181	0	0	0	0	0	0	0	0	0	371655	0	1613967	0	0	0	0	0	0	0	0	57193	0	0	36004	0	0	0	0	0	0	1451	954	19587	34158	408235	418615	256289	0	6063	546	0	0	0	0	0	5089	3842	16400	0	0	0	139258	0	0
HAA.28	0	0	0	0	0	0	0	0	0	0	0	0	0	0	0	0	0	0	0	0	0	0	0	0	0	0	0	0	0	0	0	0	0	0	0	0	0	0	0	0	0	0	0	0	0	0	0	0	0	0	0	0	0	0	0	0	0	0	0	0	0	0	0	0	0	3169	1921	0	0	0	0	0	0	0	0	0	0	0	0	0	0	0	0	0	21167	0	0	0	0	0	0	0	0	0	0	0	0	0	0	0	0	0	0	0	0	0	0	0	0	0	0	0	0	0	0	0	0	0	0	0	0	0	0	0	0	0	0	0	0	0	0	0	0	0	0	0	0	0	0	0	0	0	0	0	0	0	0	0	0	0	0	0	0	0	0	0	0	0	0	0	0	0	0	0	0	0	0	0	0	0	0	0	0	0	0	0	0	0	0	0	0	9272	0	0	0	0	0	0	0	0	2197	5678	21809	0	0	0	756716	0	315219	0	0	0	0	14876287	8314050	0	0	0	0	0
HAA.16	0	0	0	0	0	0	0	0	0	0	0	0	0	0	0	0	0	667	282	21468	0	0	0	0	0	0	0	0	12154791	10718	0	3415627	0	0	2135827	589268	1118	16867	0	6568060	70018	0	0	0	0	2390306	0	0	0	0	13094	247835	168224	225807	0	0	6946	0	158427	1251180	0	0	0	11104	190753	0	0	0	0	0	0	0	0	0	0	0	0	0	0	0	0	0	0	0	0	0	23533	879	199471	0	0	0	0	289	0	0	0	0	0	414	197851	0	40577	0	0	0	0	0	0	0	18401	36021	0	0	0	0	0	0	0	3722	0	0	0	0	4381	15530	0	0	642178	378444	3795	28429	67243	4892	5776	0	4399	0	0	74453	0	23575	0	0	0	0	0	0	0	0	1100657	0	74	0	28900	101823	0	29805	0	8815	0	0	39308	0	0	0	134788	0	5470	0	0	654701	0	2733	0	184571	42886	0	0	0	0	0	0	0	0	71159	1430	36366	0	0	0	0	0	0	0	0	0	0	203709	869301	0	0	0	77284	0	0	0	0	0	37247
HAA.14	0	8743	0	0	0	0	0	2741559	297028	0	1271	1694	1598	1967553	7609	925179	0	0	0	870	0	0	1400831	0	21024	0	0	0	2143195	6808	0	2270919	11407	0	5679466	31378	2501	11945720	0	0	0	0	0	0	0	1865	0	0	1483	0	0	0	0	0	0	1422	0	0	0	6336	0	0	0	0	2689774	0	0	0	0	0	0	0	181091	20804	293	0	0	0	426	0	3038	110484	0	315	0	0	0	0	0	0	0	0	0	0	0	0	0	0	0	0	110923	0	0	0	0	0	0	0	0	0	27569	6432	0	0	2308	180218	0	0	0	6159	0	59787	0	0	0	141253	0	0	0	0	0	0	153527	8528	0	2086	0	0	0	0	0	0	0	0	0	0	0	0	2902842	0	0	0	0	0	0	0	0	0	0	0	0	0	0	0	0	719	0	0	0	0	0	0	0	0	0	105692	1562154	0	0	0	0	0	0	0	0	0	0	0	0	110214	847451	478223	696377	0	0	0	0	533590	0	0	0	3469	0	7227293	0	0	0	0	0	20847
HAA.11	0	0	0	0	0	0	0	0	0	744	0	0	0	0	0	0	0	0	0	0	0	0	0	0	0	5804	1735314	0	25946	0	0	642682	0	0	0	806387	15632	5144148	0	351455	0	0	0	2383	0	2539	0	221394	0	12310	0	0	6467	0	1172	2010	0	0	7648	94033	95162	0	0	0	10559	0	0	17892	29898	0	225	37	0	31	0	0	0	0	0	0	0	2071	8365	0	0	0	24114	0	39928	12027	0	23567	0	7284	0	0	1088	0	648	0	0	0	3192	0	0	0	0	2188	0	0	1803	0	20754	3251	0	45313	0	0	9462	0	0	11833	8390	2243	308	97471	0	0	0	0	0	0	1593	0	0	0	0	0	11518	976	15988	2343	0	2284932	0	0	13128	0	115357	159889	47087	11842	0	0	21739	0	0	0	0	0	0	10730	0	0	0	8491	5943	8157	0	0	0	0	0	0	0	0	2724	0	0	27558	0	0	0	5546	0	0	0	0	0	0	34859	25739	31678	0	11680	990	0	3792	0	0	0	1758	253	0	0	0	0	15657	0	11517
HAA.10	0	0	0	0	0	25247	0	107690	104768	0	0	4580	13001	78502	0	31718	0	4638	0	29021	0	0	141490	0	0	5005	0	0	0	0	4911	543519	0	0	43302	160975	0	68522	62261	680766	50609	0	0	0	0	27074	0	6809440	0	0	0	601	0	0	0	34003	33022	374	4579	82902	53935	1035	556	0	0	0	0	0	3096	0	5976	0	9184	65644	317	0	9326	84	0	10729	15562	143573	959207	2052	0	1899	79758	7513	71260	57458	0	24799	1155	49	0	169554	74321	13487	0	1791	4165	3629	854	34262	0	0	0	39755	0	48508	94257	0	261996	233952	0	101944	0	328162	107623	0	82035	413754	33536	269764	83718	45415	606	12627	1837	0	0	0	2460	7223	0	0	4333	356731	256730	0	0	133326	29704	16800	94477	212543	59342	2401	421164	0	35673	0	0	0	1722372	16477	389942	465	0	0	0	39096	0	64	6912	926095	21995	207075	336	0	0	14684	62246	0	4233	35705	34603	166261	0	282632	0	0	0	0	0	0	1389	3454	0	67507	892647	548198	668564	0	34789	10981	2465	84386	5558	0	0	18900	7063	129109	0	24998	0	99784	0	48649
HAA.05	289	0	0	1795665	536438	0	0	0	541916	0	0	0	0	230809	0	0	0	0	0	2368	0	0	10512	0	0	0	0	0	9577	0	0	142154	8460	0	34002	22933	0	661993	78123	470	13654	0	0	0	0	0	0	2818172	0	0	0	0	0	0	0	6323	363	0	1566	25377	8241	0	0	0	0	0	0	0	0	0	0	0	0	0	0	0	0	0	0	0	0	0	0	0	14188	0	1324	0	3458	2662	0	361962	0	0	6140	0	641073	16672	0	0	1546	0	0	6511	0	0	0	708	0	15016	239174	0	274988	70817	0	133811	0	14176	11765	0	8246	76743	0	35476	36791	28270	0	1183	0	0	668	0	1370	3446	0	777	0	7999	50680	2421	7128	135375	0	0	0	282882	9503	0	917	4747	10767	0	0	0	11144	0	0	0	0	2033	0	305	0	0	0	154224	14271	0	0	0	0	0	0	0	0	1164	0	21271	0	8780	0	0	71878	0	0	0	0	0	5417	3852	22662	3123	1727	0	0	0	340	233441	22226	0	135	0	0	78400	0	0	0	887	0	19477
HAA.03	0	0	0	0	0	0	0	0	0	0	0	0	0	5750	0	0	3522	0	0	0	0	0	211430	26134	33961	0	31687	105420	0	0	0	177457	0	0	608568	150480	24570	4934	733975	6699598	8257	17748	0	29662	0	35252	46889	7826301	0	0	0	163	0	0	0	7878	1374	0	0	148443	12883	0	0	0	0	0	0	0	0	3627	0	0	0	0	0	0	0	0	0	0	0	0	0	0	0	0	0	0	319	1622	2629	37034	0	0	504	34449	13283	585	0	0	3179	0	0	0	0	0	0	8693	0	444	4734	0	3676	0	0	964	0	4563	3450	0	0	76246	10018	3035	5046	36168	0	0	0	0	0	0	0	3783	0	0	0	8758	19270	0	0	60157	0	0	79782	3429	8522	0	102284	0	13354	0	0	0	16141	0	0	0	0	1170	0	0	3255	0	0	519412	14325	0	0	0	0	0	0	0	3237	0	36040	40645	0	0	0	0	0	394739	0	0	0	0	0	0	5000	0	34384	0	0	0	0	94568	7324	0	0	0	0	0	166639	0	0	836	0	925
HAA.02	0	0	0	0	0	0	0	598	3973	0	1780	0	0	2126	0	0	0	0	0	14727	0	0	0	0	0	0	0	0	2521871	0	0	206	0	0	1400701	1132991	817300	0	0	2235915	0	0	0	0	0	0	0	0	0	0	0	0	0	0	0	0	0	0	0	0	0	0	0	0	0	0	0	0	1337	0	573	0	5932	53648	0	0	0	0	1376	555	5315	11389	2015	0	207177	0	0	0	0	0	0	0	0	0	0	0	0	0	0	0	0	0	0	0	0	0	0	0	0	0	0	0	7409	0	0	0	0	8181	0	0	0	156106	0	0	940	0	0	0	0	0	38798	0	0	0	0	0	0	0	0	0	0	0	0	0	0	748	0	0	91766	0	0	0	0	0	12830	0	27709	0	0	0	0	0	0	0	0	197484	38770	0	0	0	0	105266	0	0	0	0	2793	9641	0	0	0	0	0	0	0	10204	5039	3027	0	0	0	28011	43042	2405	14076	0	0	1224	0	0	0	0	0	602212	0	0	0	1557	0	2927
HAA.026	0	0	0	177	0	1362	0	0	0	0	0	0	0	0	0	0	0	0	0	0	0	0	0	0	0	0	0	0	0	0	0	0	0	0	0	0	0	0	0	4088	0	0	0	0	0	0	0	3232	6523	0	0	0	0	0	0	0	0	0	0	0	0	0	0	0	0	23224	0	0	0	0	4272	0	9242	0	0	0	0	0	0	0	0	0	0	0	0	0	0	0	0	0	0	0	0	0	0	0	0	0	0	0	0	0	0	0	0	0	0	0	0	0	0	0	0	0	0	0	0	0	0	0	0	0	0	0	0	0	0	0	0	0	0	0	0	0	0	0	0	0	0	0	257	0	0	0	0	0	0	0	0	0	0	0	0	2404	0	0	0	0	0	0	0	0	0	0	0	785	0	0	0	0	0	0	0	0	0	0	0	0	0	0	0	3005	0	0	0	9683	33069	0	1963	92054	20812	351955	1605307	1936	0	0	105415	0	0	0	0	209935	330	3327	0	0	0	0	21173	0
HAA.01	0	221	0	0	0	0	0	423061	725245	0	0	0	1570	34237	0	0	0	0	0	9141	13387	811842	559432	0	0	0	272447	27633	10308	0	0	0	0	1005962	366630	727357	126113	0	0	5599141	0	0	570741	946348	0	0	0	3214868	0	0	0	0	79382	29542	13253	0	6860	0	0	229028	224460	0	0	0	0	0	1717	90879	67409	179698	36396	1292	0	610	0	0	0	0	10588	12679	3960	26019	25345	0	16447	0	7416	0	24110	0	0	0	0	8979	0	0	0	0	0	0	0	0	16650	0	0	44316	0	0	0	0	0	0	204921	0	0	84573	0	0	0	1316	0	59080	0	5658	19616	13754	0	0	0	817	82251	0	90367	31808	0	0	0	0	56353	29230	0	48478	10340	0	0	0	29875	0	13025	50190	0	0	10199	0	0	0	0	170138	0	40777	0	11834	0	6217	0	898701	33387	195022	0	0	0	11633	0	0	0	3267	2192	5506	1224	0	0	35364	0	0	5668	0	0	0	0	106418	444072	18631	105765	0	0	0	0	993798	27166	0	0	0	0	143837	0	0	0	0	1052230	1331
BB.138	0	0	0	0	0	0	0	0	8052	0	0	0	0	0	0	0	0	0	0	0	0	163027	13695	209784	63174	3631	0	10295	0	0	0	421826	79208	248165	178834	277920	0	22608	0	1959383	0	0	0	1607	30027	16977	47717	0	0	0	0	4797	361	0	0	0	21121	0	2201	31331	0	0	0	287	0	0	0	0	0	0	0	0	0	0	0	0	0	0	0	0	0	0	0	0	0	0	2802	0	0	0	0	0	0	293	0	0	0	0	0	0	0	0	0	0	0	1654	0	0	0	0	0	0	0	0	0	0	0	1444	0	0	0	6297	0	0	0	1899	0	0	0	0	0	0	107333	0	0	16016	0	0	0	0	0	16845	0	0	0	569	0	0	5124	0	0	0	0	0	0	12249	0	5344	0	0	0	2599	0	0	857	339696	0	0	0	0	0	0	0	0	0	3616	0	0	0	0	0	0	280	0	14	0	0	0	0	0	0	0	0	0	0	0	0	0	0	0	376	0	0	2939	0	0	0	0	0	3133
BB.134	0	0	0	39170	0	0	0	0	0	0	0	0	0	31198	0	0	0	10798	3481	4015	0	0	191465	352	0	0	0	14861	0	0	2654	264832	25470	351949	26885	48021	0	0	0	449798	120445	0	0	0	85262	312694	0	10385473	0	299	4353	0	6428	0	0	162652	773422	0	110731	48667	136414	0	0	44	0	0	0	0	0	0	0	0	0	0	0	0	0	0	0	0	0	152	0	0	2139	0	18510	0	17552	20988	0	60224	0	5530	91	15476	84757	2369	16200	0	0	0	3272	19306	12778	0	731	46628	76638	12070	86959	0	31145	56856	0	34793	1105	25686	7727	0	1965	62658	8565	35106	19379	182851	5029	566	0	0	0	1124	2314	1245	0	0	0	117019	61841	0	596449	138961	842	38668	0	55682	2302	0	0	0	36795	0	17455	0	138866	0	0	9163	224903	4821	0	27876	0	0	19191	193225	0	351587	31143	0	0	3048	0	276	0	0	4191	0	0	13227	0	123825	0	0	0	0	0	66713	814	0	0	0	4400	0	0	0	0	466977	7189	2291	0	0	0	52827	0	0	0	8606	0	766210
BB.127	0	0	0	0	0	0	0	0	1463	0	0	0	0	1198	0	0	0	0	0	0	0	0	436747	0	0	0	0	0	0	0	0	35874	0	14910	244930	169899	0	1527627	0	476203	0	0	0	0	0	0	0	17897293	0	0	0	0	0	0	0	0	0	0	0	263584	0	0	0	0	0	0	0	0	0	0	0	0	0	0	0	0	0	0	0	0	0	0	0	0	902	0	0	0	0	0	0	50331	0	0	0	0	1308732	37974	0	16878	0	0	0	0	0	0	0	0	0	0	0	0	4232	0	0	0	0	46540	0	0	0	37590	0	0	0	41650	0	0	0	0	0	0	290935	0	0	0	0	0	0	0	0	117190	59	0	0	0	0	0	0	0	5910	0	1292	0	0	0	0	0	0	0	0	2712	0	0	0	138449	0	0	0	0	0	0	0	0	0	0	364	0	0	0	0	0	21246	0	162	0	0	0	0	0	866	1312	1197	0	0	0	0	704641	0	0	0	0	0	0	2964235	0	0	0	0	0
BB.126	0	0	0	9421	40711	0	20396	1560	27211	6101	807	0	0	118619	0	22	0	0	0	9700	0	0	0	6300	0	67917	0	0	437672	0	0	207611	0	0	63087	1668360	0	0	0	48913	31915	22120	2155	24481	2907	19301	0	28981	0	159350	19545	17038	168635	83522	0	11147	32805	0	5188	20044	25564	0	0	0	0	0	0	0	2893	0	0	0	0	861	0	0	0	0	0	237	654	2327	0	0	910	49	16182	0	0	0	0	0	0	22207	6026	0	0	0	0	0	98225	0	1970	9418	8749	30654	0	0	0	7637	323760	0	104641	0	442	29115	0	83311	1332	0	0	153878	0	0	3355	30137	15939	3305	69649	28040	8685	1922	112728	17418	870	0	2512	0	0	21185	1413	48013	60335	608	6995	0	0	0	54680	12205	102478	0	35952	0	215	18620	0	35444	1174	0	0	0	3469	0	21744	8088	69223	122834	0	0	1164	123054	0	6858	3438	6482	65181	0	0	0	0	0	0	0	0	0	0	0	0	0	1500	0	6581	0	461	0	0	32497	10126	700	0	0	0	375174	2070735	0	0	2421	0	59303
BB.123	0	0	0	0	26186	0	955	1388	2478	0	0	0	396	14426	1258	0	2080	0	0	0	0	5027	148266	38067	1195	0	0	114842	0	0	0	3188	0	0	23823	27331	0	611391	48603	625215	191134	153303	0	408069	0	241377	0	0	0	0	0	0	0	0	16577	24685	329370	0	14219	76839	74373	0	0	0	0	0	0	0	0	5960	0	0	0	52204	2036	0	0	0	5047	0	21345	13420	0	965	0	0	17076	156	0	678	0	0	0	1654	0	0	42094	0	0	5897	1906	17	16013	0	19232	30077	0	0	10911	0	9822	0	0	0	4711	5525	0	8740	0	0	0	1856	22719	31042	32003	71962	0	1150	0	1327	2376	1173	4593	9730	0	0	0	0	9598	0	5464	23741	499	0	32466	69041	0	0	98580	0	17058	0	0	0	102830	3468	0	4768	0	0	0	6344	0	0	0	19559	17053	133538	0	0	0	38619	1113	0	0	0	2690	1403	0	9688	196411	0	7680	0	7154	0	0	2111	6543	13132	46461	1437	23763	6435	14611	4612	0	110620	7234	0	7850	0	0	1565	0	1566	0	24499	0	0
BB.122	0	0	0	0	0	8229	0	0	10347	0	0	0	0	4202	0	0	397	0	9072	1903	101	0	959323	4251581	3045630	3659	0	1013496	32602	186916	504482	1060875	0	0	310139	2066033	812093	10361212	0	940726	1297	0	0	0	28476	134699	0	0	0	0	0	40000	246	0	0	49125	27861	0	0	1324775	0	0	0	331	0	0	884	0	0	0	0	0	0	0	0	0	0	0	0	0	0	0	0	0	0	0	0	0	0	0	0	0	0	0	0	0	7082	0	0	0	59633	0	0	0	0	0	0	0	0	0	0	0	1840	583	0	0	0	0	0	0	0	0	0	0	0	0	0	0	0	0	1426	0	34087	195	0	0	0	0	0	0	0	27636	0	0	0	0	0	0	0	0	0	0	0	0	0	0	39176	0	0	0	0	0	0	0	13328	264305	4134	23231	0	0	0	0	0	0	0	23140	2122	0	0	0	422057	7764	0	0	0	0	0	0	0	0	0	503	295	0	0	0	0	78069	0	0	0	0	0	992	0	0	0	0	192	350
BB.121	2209	0	0	0	0	0	0	0	0	0	0	0	0	0	0	0	0	0	0	0	0	0	0	0	0	0	0	0	0	0	0	0	0	0	0	1412	0	0	0	877	0	0	0	0	0	0	0	0	0	0	0	0	0	0	0	0	0	0	0	102319	0	0	0	217	11891	0	0	567	0	0	0	0	0	0	0	0	0	0	0	0	0	31793	0	0	96380	0	0	0	0	0	0	0	0	0	0	0	0	0	0	0	0	0	0	0	0	0	0	0	0	0	0	0	0	0	0	0	0	0	0	0	0	0	0	0	0	0	0	0	0	0	0	0	0	0	0	0	0	0	0	0	0	0	0	0	0	0	0	0	0	0	0	0	0	0	0	0	0	0	0	0	0	0	0	0	0	0	0	0	0	808	0	0	0	0	0	0	0	0	0	0	0	0	0	0	0	0	0	0	0	0	0	0	46152	0	0	0	0	110339	0	0	0	0	0	0	0	0	0	0	0	1479
BB.120	0	0	0	66734	15537	0	0	0	24115	2426	0	0	0	19137	0	0	989	0	0	0	197	0	5985	0	0	0	66082	45208	0	0	0	17293	0	6070	5094	6002	13440	5416	0	1975089	5665	0	1124	0	0	4789	36879	3313392	0	0	0	0	0	0	0	13620	0	0	0	24706	0	0	0	0	0	0	0	0	0	0	0	0	0	0	0	0	0	0	0	0	0	1335	642	0	0	0	0	0	4893	7012	4116	6464	0	0	2533	4211	3855	10087	6455	0	0	0	0	5489	0	0	618	6520	0	9856	46565	0	25783	2401	0	40381	0	19007	2125	0	0	18625	9394	10266	9857	38241	0	1427	0	0	0	0	0	0	0	0	0	9112	45446	0	51052	61748	0	26499	0	13744	24579	0	27850	21368	42188	44287	0	863	171280	0	0	0	0	3172	56017	8301	0	0	3441	447644	0	33097	0	0	0	0	0	0	0	0	0	13286	0	14718	0	0	27338	0	1883	0	0	0	0	0	0	167	0	0	0	0	0	16415	0	0	0	0	0	501044	0	0	0	0	0	3085
BB.118	0	0	0	10556	0	0	0	0	14910	0	0	0	0	37645	241	0	0	0	1419	0	0	21498	51299	0	0	5359	0	0	0	0	0	20506	0	47809	67159	376746	85949	196126	0	403374	21075	5678	634	0	0	0	96878	0	0	749031	0	1142	4567	0	0	21103	6756	102	3143	43489	16449	0	0	0	0	0	0	0	0	1521	0	0	0	3076	0	0	0	0	0	0	0	6433	15597	0	0	0	855	1184	3992	26078	1315	61439	0	1140	17588	964	103835	7939	4711	0	0	0	131	7133	17547	0	0	10982	0	18502	80445	0	35198	39659	0	61664	2712	25771	18806	0	537	199569	0	12435	5950	27725	984	0	0	0	0	8472	0	18802	0	0	0	10947	8415	509	2247	55660	9815	0	27782	3922	1538	0	13777	23142	23005	0	78182	3222	24910	0	0	5975	3053	4227	0	31139	0	0	0	127693	0	12644	0	0	2886	0	0	0	0	0	2652	19744	0	948	0	18418	0	0	8661	0	0	0	0	988	8820	4587	5082	0	0	0	0	12459	431	331	20268	0	0	130073	0	212	0	156	0	49858
BB.065	0	156	0	0	0	175777	0	42246	688897	1144971	1130	0	113	0	0	14080	0	370	0	3831	0	0	5055	0	0	0	0	0	0	0	0	0	0	3762	0	23169	0	0	0	172830	0	0	0	0	0	0	0	0	0	0	0	0	0	0	0	37	0	0	0	0	0	0	0	3393	0	7345	45010	48944	529534	0	190003	41329	0	3013	1013	0	575	0	9546	0	0	31093	0	93	30820	0	195	0	10461	0	0	33518	0	0	23407	0	4296	11088	0	0	0	0	0	0	0	0	0	0	0	0	69893	0	247501	4610	0	6411	0	27316	2291	0	0	9090	4014	1082	22267	30392	0	2750	0	0	0	0	0	0	0	0	0	72072	3297	0	5497	19921	0	0	0	31598	0	0	27739	0	220189	1368	0	0	52204	0	0	0	0	0	0	2806	0	0	0	25597	0	16430	0	281	0	0	0	0	0	5785	2258	60113	0	874	0	0	2341	0	0	0	0	0	0	13612	76208	5374	17615	0	0	0	93277	0	0	0	0	0	0	48398	0	0	0	255	0	34441
BB.060	0	0	0	0	0	0	0	0	70467	134155	0	0	0	0	0	0	0	0	0	0	0	0	0	1392	0	0	0	0	2030253	635	0	2159618	0	0	4025	53516	0	0	0	2756379	0	0	0	0	0	0	0	0	0	0	0	0	0	0	0	0	0	0	0	1255	0	0	0	34979	29448	1920	49039	0	0	0	0	0	0	0	0	0	0	0	0	0	0	0	0	0	0	0	0	0	0	0	0	0	0	0	0	0	0	0	0	0	97471	0	0	0	0	0	0	0	0	0	0	0	0	0	0	0	0	0	0	0	0	0	0	0	0	0	0	0	0	0	0	0	0	0	0	0	0	0	0	0	0	0	0	0	0	0	0	0	0	0	0	0	0	0	0	0	0	0	0	0	0	0	0	0	0	0	0	0	0	0	0	0	0	0	0	76893	0	0	0	0	0	0	0	458973	0	0	0	0	0	0	0	0	0	0	0	0	0	1448	0	0	0	0	0	3964	0	0	0	0	0	0
BB.056	0	0	0	0	11288	30893	0	64670	0	37580	0	0	0	0	0	0	0	0	0	634	9906	0	0	0	0	0	0	0	5648891	0	0	4583830	85164	7642381	296941	486028	0	0	0	6287029	0	0	0	13156	0	0	0	0	0	0	0	0	0	0	0	0	0	0	0	501085	76673	409	0	0	776	0	0	0	221	0	0	3399	0	2612	0	0	0	0	14815	0	829	0	0	1085	0	0	0	0	3461	0	977157	0	0	0	0	0	0	0	0	131862	351373	0	0	0	0	0	0	70773	0	0	126145	0	819776	0	0	0	0	0	0	45601	0	0	0	0	0	0	0	0	0	3393	29926	0	146340	5625	439070	32925	393	0	0	59539	0	137920	0	0	0	0	0	1379	364407	0	0	0	908806	0	0	783	2580	0	0	208635	6002	0	0	0	0	0	0	0	0	0	0	0	0	0	0	40726	186879	0	17474	0	0	0	0	0	0	0	0	173	0	0	0	0	10613	1940	2614	0	0	680476	0	0	0	0	0	67044	0	2324	0	6277	0	1288
BB.055	0	0	0	0	0	0	0	11033	13062	0	0	0	0	21110	626	0	0	0	0	16693	0	0	74478	0	0	0	62700	0	595247	12637	9869	1305286	0	0	0	203586	31782	0	0	160791	0	0	11560	17073	0	0	22575	0	0	0	0	8691	0	0	0	103449	0	0	0	39302	0	0	0	13511	56135	0	0	0	0	0	0	0	0	0	0	0	0	0	0	1742	0	544	1782	0	69341	0	3985	868	29265	31056	3248	47023	484	22618	0	428701	0	0	0	0	14020	0	0	23276	0	1798	10527	5314	0	0	75725	0	37350	52735	0	66319	3933	55168	14758	125	31201	168905	9666	211620	68833	24727	0	9950	0	1920	5122	0	3819	1340	0	4423	9338	217096	42581	11832	331533	33727	31311	0	0	7400	0	274	0	0	130774	0	0	0	0	0	0	13653	656	0	0	16211	7901	1809	0	167834	1157	0	31881	0	0	17328	0	0	543	1745	1636	0	2914	0	0	0	0	0	0	0	0	26750	0	0	160586	23663	18469	0	0	0	0	0	0	0	0	0	0	0	0	0	0	0	0	224968
BB.054	0	0	1476	0	40736	950	0	3875	129777	0	801	0	431	4408	0	0	0	0	0	3052	0	0	68425	0	0	0	0	220180	239751	0	0	25414	0	275777	140865	75452	203965	4167	0	977508	149523	0	0	33176	0	0	0	10141560	0	0	0	0	0	0	0	585553	0	0	0	217417	68393	0	0	0	0	0	0	3297	0	9756	0	0	0	778	0	0	359	0	9955	0	1548	47410	5559	2082	47191	0	216	669	69491	0	0	0	2424	0	0	0	0	0	0	64765	6851	0	10278	0	0	0	0	0	0	0	0	13659	0	0	1323	0	17616	0	0	5304	0	0	0	0	0	0	0	0	0	9139	7750	0	23433	3776	2399	7415	0	0	0	11453	0	5157	0	0	0	0	0	236761	15950	0	3325	0	0	0	0	0	0	0	0	0	25999	0	0	0	0	395531	34901	0	3529	0	0	4288	0	0	3947	1739	2635	0	0	0	0	0	14435	0	0	0	25581	0	0	0	170080	0	46786	0	209094	0	0	244773	19269	0	0	0	23	637214	567207	1330	0	0	0	36494
BB.053	0	0	0	86457	267296	0	41913	0	97377	69843	26395	0	0	0	0	0	0	49920	0	57316	0	0	963505	0	0	0	0	0	0	0	0	2408203	0	0	0	1853675	0	5036929	0	0	0	0	0	0	0	26749	0	0	0	0	0	185772	1316	0	0	0	91352	0	0	1243351	0	0	0	909	0	0	1381	0	23510	0	0	0	0	0	0	0	0	0	0	0	0	41741	4209	0	14197	0	2824	17920	26923	0	0	42642	0	0	0	0	229516	0	0	0	1922	0	0	0	2255	0	0	0	0	0	0	0	1359324	0	1424	94274	0	1307910	0	8617	0	1240559	0	123265	0	326781	0	0	0	0	8842	11915	14856	3093	14166	0	0	0	0	11922	0	23285	0	0	0	325616	0	0	184526	0	1605	0	0	0	1020268	0	0	0	0	14777	0	0	9205	0	0	1757870	10363	0	0	0	0	0	0	0	0	0	185	105433	0	0	35843	0	0	0	0	0	0	0	0	0	56151	739	0	0	0	0	0	0	14680	0	0	0	0	41608	0	0	0	0	0	0
BB.052	5152	0	2954	0	0	0	0	0	20077	0	2139	0	8471	0	0	0	0	2698	804	239	0	141913	0	0	0	0	0	24041	0	4351	0	76440	0	0	10316	106334	1200	128746	0	1807866	99733	0	0	0	6408	30896	9316	0	0	257803	14462	8886	32833	0	0	0	1638665	4868	55119	674319	105374	0	1420	0	1096257	0	0	0	0	0	0	0	0	0	0	1398	0	44920	0	0	33202	0	0	29603	1846	1312	118186	1430	31590	0	0	188393	0	17149	0	0	255427	5437	0	41023	0	0	90258	2036	9402	1441	0	69337	0	0	28885	55	945	0	34026	61238	0	89185	14628	0	0	94731	1997	3246	885	3027	5318	3821	30050	27230	25856	0	248021	10029	0	8291	11096	0	10402	4518	0	77262	5539	0	0	14064	10341	0	1109747	0	301687	0	14015	10809	57	69174	0	91474	0	0	0	64665	0	1241	481842	1219737	85537	24278	905	17537	0	12607	0	0	0	9061	21849	0	0	3289	0	0	212762	766107	0	310	0	0	2430	32546	10107	43551	189817	553	0	0	1103	0	10262	5052	528345	0	0	5259	0	0	0	0	0	1391
BB.050	0	0	0	0	156818	0	0	7316	66689	0	0	0	0	0	0	0	0	0	0	7090	0	0	0	81231	0	118	0	0	0	0	8459	0	0	0	152727	228864	1828704	0	0	1268966	141681	0	0	10705	0	0	0	0	0	0	0	55687	0	0	0	72496	4929	0	19498	272906	151597	0	0	0	0	0	0	0	0	0	0	0	2405	262	0	0	0	0	0	0	0	556	0	0	0	0	27278	0	50842	58145	8562	73700	0	0	0	106060	65099	0	0	0	0	0	0	108930	0	0	0	0	9470	0	198424	0	122259	0	0	33475	9449	109841	22753	0	0	330722	0	0	0	0	0	0	0	0	0	0	16051	0	0	0	0	0	217850	0	71441	67588	183353	150717	0	0	0	0	30346	0	449606	490414	0	83973	1450916	17214	1659	3011	0	8655	0	13373	0	0	0	1563478	2679	0	0	208930	0	0	0	0	0	0	1111	0	21280	475390	16467	0	0	0	0	0	0	0	0	0	0	0	0	0	0	0	0	96869	23126	0	2707	0	0	11959	0	0	0	21412	0	110184
BB.048	0	17852	537	0	0	0	0	10888	10677	0	2673	2055	6555	57839	0	0	8310	2288	118	0	0	0	493415	541636	0	0	348290	0	0	0	210571	0	0	0	1244572	884566	0	2384786	335770	0	0	31391	0	27064	219791	0	68676	0	1610	78109	0	213976	4410	4684	0	0	111635	3634	123883	87670	0	0	315	0	0	0	0	0	2932	12950	0	0	0	58476	2233	707	30980	278	7685	0	44293	235195	11238	3697	313685	885	4619	0	117481	21829	0	14193	0	11299	0	10303	35980	0	235808	0	2571	4822	0	85188	14849	0	0	0	0	0	172629	0	89213	29195	0	240155	55050	55128	15197	0	0	70462	0	0	21182	23301	0	0	0	534	0	0	9664	15394	0	0	0	210587	45672	4651	41802	2095211	0	119106	0	49022	0	131	0	9554	104643	39628	48641	432103	263699	0	0	16790	0	0	0	22797	10040	0	26472	363134	2400	0	0	0	200087	0	0	0	0	1011	23524	0	0	36773	0	7258	0	0	0	1187	0	1578	679	41622	321436	112931	204394	0	13969	20715	0	88961	5277	0	0	18810	1815	0	0	0	0	23102	15544	248621
BB.047	0	2757	548	1417854	643064	7463	52008	0	1418595	116090	1921	2329	37	522348	637445	0	215885	0	0	0	49512	121688	65321	0	0	268700	0	0	0	0	0	742748	0	11690	5585	331628	0	382632	0	86839	12941	0	0	0	142597	622627	41090	313775	0	0	39104	0	0	0	0	0	9139	71094	0	361913	253268	0	0	0	0	0	0	0	0	0	0	0	0	0	0	0	0	2021	1139	0	372	513	2636	706	374	0	1112404	1675	20288	0	0	0	0	81336	0	14363	20123	3768	0	0	0	357	0	13218	0	0	18756	0	621578	0	1755157	0	232554	0	0	95998	0	0	324308	0	25219	816335	0	249582	525768	173923	245081	28616	0	0	0	0	0	11153	0	0	0	0	111178	0	218048	102706	270824	0	619	12669	0	0	9624	0	579149	49399	25	6966	255659	0	0	264190	0	45	10419	0	0	0	213051	710113	186117	0	0	0	0	59800	278839	15907	0	20607	314	39157	2096	21951	15089	0	20087	0	0	0	0	0	0	0	0	0	0	1004	567	0	0	27418	87710	11708	0	0	0	21075	0	0	0	27058	0	25805
BB.046	0	0	971	2063	0	242324	0	73603	85576	4587	14069	25743	1077	73676	0	931	0	0	887	5651	0	0	303626	9960	0	0	70689	79406	5523	0	0	468606	18060	0	202674	119807	2501	371326	0	1312408	20	0	0	0	0	2036	0	0	671	0	0	0	0	0	0	7992	12420	0	4620	73340	6226	0	0	0	191206	0	0	556	21325	0	0	0	600	7487	0	0	1701	3438	11058	251	3230	119535	66369	12108	11254	0	0	0	11929	0	0	11049	0	0	0	28063	34778	0	0	11969	1549	2111	1143	0	4185	0	0	0	0	0	256451	0	45484	0	16599	30125	0	157927	74352	0	0	441906	0	171398	0	0	0	0	0	0	7735	1939	5987	0	0	0	24	0	77265	19310	5679	13539	0	214582	0	68605	0	4741	269034	99236	22166	0	0	48480	217881	11482	0	0	0	0	0	35792	0	0	0	314143	6641	38439	0	0	0	0	0	3045	0	4361	109270	0	0	0	0	0	2479	0	0	372	0	222	1037	146389	591485	268440	255937	0	13123	6744	0	18214	488	0	0	850	0	559379	1544	0	3062	199969	0	34381
BB.044	0	0	0	0	0	0	0	0	0	0	0	0	0	0	0	0	0	0	0	0	0	0	0	0	0	0	0	0	0	0	0	0	0	0	0	0	0	0	0	0	0	0	0	0	0	0	0	0	0	0	0	0	0	0	0	0	0	0	0	0	0	0	0	16658	0	0	0	0	0	0	0	0	3264	0	0	0	0	0	0	0	0	0	0	0	0	0	0	0	0	0	0	0	469	0	0	0	0	0	0	0	0	0	0	0	0	0	0	0	0	0	0	0	0	0	0	0	0	0	0	0	0	0	0	0	0	0	0	0	0	0	0	0	0	0	0	0	0	0	0	0	0	0	0	0	0	0	0	0	0	0	0	0	0	0	0	0	0	0	0	0	0	0	0	0	0	0	0	0	0	0	0	0	0	0	0	0	0	0	0	0	0	0	0	0	0	0	0	0	0	0	0	0	0	0	0	0	0	0	0	0	0	0	0	18078	13317317	0	0	0	0	0
BB.042	0	2814	0	0	0	0	0	165217	4184650	0	0	0	0	451	0	0	0	0	0	0	0	2345	2519	0	0	120	0	0	4151	0	0	1457	1913	0	5241	5402	0	4081	378	2252	764	0	0	0	0	1589	0	5105	3933	0	0	0	0	0	0	21083	6017	0	368	3322	0	0	0	0	0	0	0	0	1568	0	4161	0	0	19664	0	0	0	0	0	0	328	9009	909	0	279279	0	1306	0	0	0	0	0	0	0	0	0	0	0	0	0	0	0	0	0	0	0	0	0	23752	0	0	0	39	0	0	0	0	0	0	0	0	0	0	0	0	0	0	0	0	0	0	0	0	0	0	0	0	0	0	0	0	0	0	0	0	0	0	0	0	0	304	0	0	0	0	0	0	575	0	0	0	0	0	0	180	4176	80254	0	0	0	0	0	0	0	16258	152825	4151108	0	0	0	0	0	736	0	0	1336	0	17487	2137	8970	14442	5144	22276	0	30706	0	0	1988793	0	0	2662	712373	3479	17293693	0	0	0	938	0	13664
BB.041	9830	0	0	0	0	0	0	0	0	0	0	0	0	0	0	0	0	0	0	0	0	0	0	0	0	0	0	0	4166141	0	0	0	0	0	0	0	0	0	12457	0	0	0	0	0	0	5738	0	0	0	0	0	24891	0	0	909	10691	4261	0	921	1076288	0	0	0	0	0	0	0	0	0	0	0	0	0	0	0	0	0	0	0	0	0	0	0	0	85580	1414	206668	0	2486	0	0	0	0	0	0	0	48680	0	0	0	51050	0	9202	0	16797	71391	30523	0	0	0	43633	0	52891	0	82053	43222	145646	0	0	0	0	434180	0	0	8224	40714	0	0	49668	78400	4559	6280	310514	6486	6523	2179	2378	0	0	27545	0	1017685	0	0	0	24298	0	0	48143	0	4465	0	141618	208578	196066	0	36301	24941	0	0	0	0	287	864	56389	382885	4706	0	10349	0	13951	23511	0	0	0	0	1562	0	0	0	0	117252	0	0	0	0	0	0	0	0	0	0	0	0	0	0	0	0	0	0	0	0	0	0	0	0	0	0	0	378270
BB.040	0	0	0	0	0	0	0	0	0	0	0	0	0	0	0	0	0	0	0	0	0	0	0	0	0	0	0	815777	1658285	0	0	215884	0	12337	298457	1642	75184	0	0	812948	0	0	0	0	0	0	0	0	0	0	0	0	0	0	0	0	0	0	0	8682	0	0	0	24688	2122	222065	48025	3043	0	0	0	0	0	0	0	0	0	0	0	0	150	0	0	1944	65452	0	0	0	0	0	0	0	0	0	0	0	0	0	0	0	0	0	0	0	0	0	0	0	0	0	0	0	0	0	0	0	0	0	0	0	0	0	0	0	0	0	0	0	0	0	0	0	0	0	0	0	0	0	0	0	0	0	0	0	0	0	0	0	0	0	0	0	0	0	0	0	0	0	0	0	0	0	0	0	0	0	0	0	0	0	0	0	0	0	0	104833	0	0	0	0	0	0	0	0	0	0	0	0	0	0	124590	0	69110	0	0	0	0	0	0	0	0	0	0	161584	2841370	0	0	0	0	0
BB.036	0	0	0	0	0	0	0	1736	4309	0	0	0	0	4411	0	0	604	0	0	414	3145	0	93926	0	8969	0	50771	0	0	0	0	29440	0	387475	0	121575	12814	186542	11161	0	32496	10408	0	8161	0	33874	46219	0	0	0	0	0	2594	0	129869	0	0	0	16960	26571	22032	0	0	0	0	0	0	0	0	0	0	0	1221	5080	0	0	348	2790	0	0	653	10517	37720	0	1130	0	0	0	9457	2130	0	6676	0	0	4263	124050	0	0	0	0	0	0	0	13950	2077	11956	0	0	0	0	44646	0	48131	0	1858	29599	0	16183	6307	0	0	39642	0	12053	6325	9300	0	0	0	0	0	0	0	0	0	0	0	39423	26043	4182	54480	6896	0	56615	0	1006	450	0	0	7320	15376	0	0	0	81795	0	0	0	0	0	0	734	0	0	0	223227	13174	12321	0	0	0	0	0	0	0	0	0	17251	0	9797	0	0	7938	0	0	0	0	0	0	0	6020	1863	26682	1915	162	0	108	3035	7771	0	0	0	0	0	0	1145	0	63333	0	6877
BB.035	0	0	0	0	0	0	0	0	0	0	0	0	3226	5277	0	0	0	0	0	0	0	0	0	0	0	0	33208	0	0	0	0	0	0	0	0	1696660	1421308	3372649	58794	1762	0	0	0	0	0	0	0	0	0	0	0	0	0	0	0	0	0	0	0	149191	0	0	0	0	0	0	0	0	0	0	0	0	0	0	0	0	0	196	0	0	0	0	0	0	863	0	0	3482	0	0	0	0	0	1702	0	0	0	0	0	795	0	0	6239	0	0	0	0	0	0	0	0	20999	0	0	9820	0	0	13908	0	0	0	0	0	0	0	0	0	0	0	0	1690	0	22485	0	0	0	0	0	0	0	0	4715	0	0	0	0	0	0	0	0	0	0	0	0	0	0	0	0	0	0	0	0	0	0	0	0	17024	0	0	0	0	63337	0	0	0	0	0	0	0	0	0	0	0	117086	0	0	0	0	0	0	4735	0	526	0	0	0	0	0	0	0	0	4348	0	0	0	0	0	0	0	227
BB.033	0	0	0	0	0	0	0	0	0	0	0	0	0	0	0	0	0	0	0	0	0	0	0	0	0	0	0	0	0	0	0	0	0	0	0	0	0	0	0	0	0	0	0	0	0	0	0	0	0	0	0	0	0	0	0	0	0	0	0	0	0	0	0	997	0	120154	311264	0	0	0	340951	0	65125	0	0	0	0	0	0	0	0	0	0	0	337	0	0	0	0	0	0	0	0	0	0	0	0	0	0	0	0	0	0	0	0	0	0	0	0	0	0	0	0	0	0	0	0	0	0	0	0	0	0	0	0	0	0	0	0	0	0	0	0	0	0	0	0	0	0	0	0	0	0	0	0	0	644028	0	0	0	0	0	0	0	0	0	0	0	0	0	0	0	0	0	0	0	0	0	0	0	0	0	0	0	0	0	0	0	0	0	0	0	0	0	0	0	0	0	0	0	0	0	0	0	0	0	0	0	0	0	0	0	0	0	0	0	0	0	0	0
BB.032	0	0	0	0	0	0	0	0	0	0	0	0	0	0	0	0	0	0	0	0	0	0	0	0	0	0	0	0	0	0	0	0	0	0	0	0	0	0	0	0	0	0	0	0	0	0	0	0	0	0	0	0	0	0	0	0	0	0	0	0	0	0	0	4759	1956931	0	0	0	0	0	0	0	0	0	0	0	0	0	0	0	0	0	0	0	0	0	0	0	0	0	0	0	0	0	0	0	0	0	0	0	0	0	0	0	0	0	0	0	0	0	0	0	0	0	0	0	0	0	0	0	0	0	0	0	0	0	0	0	0	0	0	0	0	0	0	0	0	0	0	0	0	0	0	0	0	0	0	0	0	0	0	0	0	0	0	0	0	0	0	0	0	0	0	0	0	0	0	0	0	0	0	0	0	0	0	0	0	0	0	0	0	0	0	0	0	0	0	0	0	0	0	0	0	0	0	0	0	0	0	0	0	0	0	8403768	0	0	0	0	0	0
BB.031	7008	0	0	12146	8047	0	0	0	3866	0	0	0	0	41566	9153	0	8934	0	0	0	19889	30032	0	4002	0	0	0	0	28536	0	0	59247	1607	24684	0	331857	10006	0	0	17350	1731	0	0	0	0	8122	16764	0	0	0	1282	0	63	20452	1656	33046	3769	3651	9202	31425	124050	0	0	0	0	0	0	0	0	0	0	0	0	906	0	0	235	0	0	0	0	5814	0	0	0	860	163635	1140	6241	1918	0	3275	0	3400	0	68907	0	0	8600	0	0	0	0	7836	26621	0	3765	185	50848	0	32188	0	13492	195	0	19628	0	18290	22335	0	3598	74432	16814	61149	26877	101903	9415	10940	0	0	0	0	0	0	0	0	0	18912	28003	0	38468	22283	26833	865	0	0	0	0	0	13385	236165	0	17068	165458	199851	0	0	5707	39526	2605	1331	9626	176	5270	33234	158737	0	63249	16531	46167	0	12087	73747	0	0	719	0	15927	582	71490	0	0	52107	0	2242	0	0	0	0	0	0	0	0	0	0	0	0	0	0	0	0	0	0	6815	0	0	0	0	0	266301
BB.030	0	0	0	0	540	0	0	0	49078	0	1599	0	0	3508	0	0	0	0	0	0	0	0	138538	0	0	0	0	0	0	0	0	18465	5536	161320	0	11207	2501	0	6977	374105	0	0	0	0	0	0	0	1818212	0	0	0	0	0	0	0	0	0	0	0	6572	0	0	0	0	0	0	0	0	0	0	0	0	5562	63	0	0	0	0	83	0	1633	14155	103770	0	0	0	0	0	0	0	0	0	0	0	0	1016	50495	1551	0	0	0	0	0	5095	0	0	0	0	0	0	58696	0	82776	0	0	810	0	3043	0	0	0	2394	0	2938	2513	8220	0	0	0	0	0	0	0	0	0	0	0	0	8306	0	0	15190	0	0	0	21833	2889	0	70800	0	0	0	0	0	0	0	0	0	0	0	0	6063	0	0	0	38494	0	0	0	0	0	0	0	0	0	4154	38975	0	0	0	0	0	0	0	0	0	0	0	0	0	44395	9624	29697	0	0	0	0	7465	0	0	0	1486	310	60846	0	0	0	63787	0	0
BB.028	884	0	0	0	0	0	0	0	0	0	1683	0	0	20506	0	0	0	11808	0	9253	0	2548	281013	99614	287841	0	0	16123	116312	171464	78840	16722	0	814	90827	450004	0	478622	0	3410279	207098	272335	86530	271269	538250	138915	37562	0	0	0	5740	116989	4329	4668	0	430439	173747	3138	73312	331064	96534	0	0	0	0	0	0	0	0	0	0	0	0	97	0	0	0	311	1671	0	2548	1082	0	0	19075	0	5946	2110	46033	90865	0	21823	0	1204	10171	101029	244354	0	4647	0	46287	0	5581	38402	23185	219	0	21695	0	0	123236	0	12819	94931	0	237244	0	9917	16267	0	0	438042	51392	33062	28329	61349	295	10056	3089	24086	181461	12205	256481	46618	1797	36270	0	7137	6769	74551	60903	184549	0	10968	16855	86162	10793	1538	0	212670	233711	61131	107922	0	342988	0	0	12295	63337	0	0	10781	33616	1939	53727	350480	8351	16414	0	0	39730	3105	0	753	0	529	1029	5937	0	18663	0	232685	0	0	6869	0	0	0	0	0	154	1275	823	0	0	378	0	204705	63094	0	95873	0	0	1068255	0	6689	0	5284	1641459	1017462
BB.027	0	0	0	0	0	0	0	0	0	0	0	0	0	0	0	0	0	0	0	0	0	0	0	0	0	0	0	0	0	0	0	13988	0	0	0	0	0	0	0	320078	0	0	0	0	0	0	0	0	0	0	0	0	0	0	0	0	0	0	0	0	0	0	0	0	0	0	0	0	0	0	0	0	0	0	0	0	0	0	0	0	0	0	0	0	0	0	0	0	8569	0	21419	0	0	0	0	0	0	0	0	0	0	0	0	0	0	0	0	0	0	0	0	0	0	0	0	0	0	0	0	0	0	0	0	0	0	0	0	0	0	0	0	0	0	0	0	0	0	0	0	0	0	0	0	0	0	0	0	0	428547	0	0	0	0	0	0	0	0	0	0	0	0	0	0	0	0	0	0	0	0	0	0	0	0	0	0	0	14989	0	24608	0	0	0	0	0	0	0	0	0	0	0	0	0	0	0	2939	963	0	0	0	0	0	0	0	4136597	0	4150	2787	18559	0	0
BB.026	0	0	0	0	0	0	0	0	0	0	0	0	0	0	0	0	0	368	0	0	416	0	0	0	0	0	0	0	0	0	229610	0	0	0	0	0	0	12974940	0	0	0	0	0	0	0	592929	0	0	0	0	0	2949021	0	0	49	161177	116756	107893	990553	933370	0	0	0	0	0	0	0	0	0	0	0	0	0	0	0	0	0	0	0	0	0	0	0	0	20179	0	0	305	0	0	0	65560	0	1113	0	0	25187	5771	0	381	17951	0	0	0	0	0	0	0	0	0	34569	607	0	8034	0	10162	0	0	161781	2648	0	0	0	1329	6450	27627	4341	0	0	0	33171	0	238485	2440	0	7007	0	0	0	2476	0	93224	0	0	0	0	0	10542	46388	0	17652	0	0	0	0	0	31495	1426	0	0	0	0	0	0	0	12923	18580	0	0	9260	3902	24023	0	0	0	2018	69774	0	0	0	0	0	0	0	1941	0	124	97	0	0	3899	338	46257	0	588	0	0	686027	42790	0	0	0	0	3544	0	0	0	0	142173	954
BB.024	0	0	0	141802	1510210	0	233251	2995924	259149	0	0	0	544	20966	0	71023	0	0	0	0	38732	0	4872	0	0	0	29879	0	1247685	0	0	1009449	0	0	3271	5273	5142	450527	0	16193	0	0	0	0	0	0	0	0	0	0	0	0	0	0	0	0	0	0	0	11803	0	1330	0	0	0	150	0	0	0	0	0	0	0	0	761	990	566	8806	22463	0	2423	0	8378	2507	0	0	0	0	0	0	0	0	0	0	0	0	0	0	0	0	0	1546	0	11954	0	0	0	0	0	0	6002	0	106122	0	0	0	0	0	0	0	0	0	0	11704	0	0	0	0	0	0	0	0	0	0	0	0	0	0	0	0	0	395	0	0	0	0	7070	0	3224	0	105146	0	0	0	0	0	0	0	0	0	0	0	0	0	0	73125	0	0	0	0	0	0	0	0	0	75850	374	113212	0	0	0	0	38576	0	0	1405	0	1604	10738	1120	4992	4798	58917	28798	36094	52646	10578	1450376	5106	0	0	6726	361	560260	0	32137	4833	306631	0	1808
BB.020	0	0	114	0	0	0	0	23300	238261	141848	0	0	151	0	0	0	0	227939	141128	2238	0	0	0	0	0	0	160093	0	61938	0	0	1213	85139	603824	0	1815034	1578931	58517	679107	1977263	0	0	0	14463	35325	28606	0	0	0	0	34684	50308	29178	2414	0	168112	376258	0	0	56957	86086	0	0	0	0	0	0	0	0	0	0	0	0	186	0	0	0	0	0	0	0	7092	21083	153	10872	0	21695	1164	8121	12957	0	0	0	11993	0	0	0	0	0	0	0	0	0	37478	0	3373	0	0	60500	0	789430	212	278542	0	0	21405	0	15348	2712	0	0	512182	13468	0	35927	34954	223072	1601	0	0	7631	890	27981	1199	34698	0	24	0	277771	107	0	59263	2646	0	0	17068	7331	16709	83272	0	167316	0	0	379974	134124	0	2514	12027	70134	7235	0	32622	4211	0	0	1129433	12133	94855	0	0	0	3264	229363	0	0	0	1757	0	0	4157	480304	0	0	0	0	697	0	106857	0	7641	39955	30440	71246	0	1164	0	1302	261630	19209	71898	0	465	1238	65591	0	0	0	46001	0	182892
BB.019	0	0	0	0	0	0	0	0	7132	0	0	0	0	3466	0	0	0	0	0	0	0	0	874835	0	0	0	0	69425	70075	0	195606	76690	0	69742	2126840	908790	142347	0	184641	1230382	0	0	0	16476	0	7164	175749	0	0	0	0	5069	231	0	0	65608	5251	0	2203	3579448	2260694	0	0	0	0	0	0	0	0	0	0	0	0	0	0	0	0	0	0	0	0	0	0	0	0	0	0	0	0	0	0	47016	0	0	0	0	3275	0	0	13665	2922	0	0	0	0	8574	0	0	9904	0	2001	0	470	0	0	0	0	15232	1607	0	0	58377	0	297	0	0	0	0	0	0	0	0	3145	1464	0	0	0	0	3473	22661	0	0	0	0	0	0	0	0	8928	0	16756	0	0	0	4349	0	1734	0	0	0	0	1100	0	0	406	0	9511	0	0	0	0	0	4959	0	0	1018	39876	0	0	0	0	0	0	109616	0	0	0	0	0	0	0	0	680	0	0	0	0	291283	6023	0	1700	0	0	1493717	0	0	0	3252	0	100867
BB.013	0	0	391	0	0	3965654	0	205729	0	0	8934	3538	57062	0	0	0	0	0	0	0	0	0	0	0	0	0	0	0	0	0	0	0	0	0	0	0	0	60167	0	18523	0	0	0	0	0	0	0	0	0	0	0	0	0	0	0	0	0	0	0	0	0	0	1336	1212322	12720	0	353306	0	541276	0	826371	590801	0	2200710	26573	6187	0	3609	18649	27697	67241	0	0	54259	4649	0	0	0	0	0	0	0	0	0	0	0	0	0	0	0	0	8123	0	0	0	0	0	0	0	0	0	0	0	0	0	0	0	0	0	0	0	0	0	0	0	0	0	0	0	0	0	0	0	0	0	0	0	0	0	0	0	0	0	0	0	0	0	0	0	0	0	0	0	0	0	0	0	0	0	45780	12093	0	0	0	0	5719	0	0	0	0	0	0	0	0	0	0	0	0	0	0	15086	0	0	0	0	9050	0	2879	381	42681	12935	93486	1600948	0	2448	0	0	0	0	0	0	0	3057	0	0	0	0	0	0	0
BB.012	0	20371	0	0	0	0	0	416204	0	0	0	0	6777	0	0	0	0	0	0	0	0	0	0	0	0	0	0	0	0	0	0	0	0	0	0	0	0	0	0	0	0	0	0	0	0	0	0	0	1508	0	0	1860784	0	0	0	0	0	0	0	0	0	284	0	3343176	0	0	0	0	0	0	0	0	0	19978	1906	0	2001	0	1846	0	1124	13241	1627	442	149405	0	37657	983	0	0	0	0	9191	0	0	0	0	0	0	0	1939780	922	0	0	0	542	0	0	0	0	0	8267	0	0	0	0	0	0	0	41837	0	29398	7504	0	0	0	0	0	0	0	20873	0	106980	22065	16764	0	0	0	0	23855	0	9158	0	0	0	0	0	0	966922	0	0	236603	0	125275	0	52391	10634	8827	0	48924	0	0	0	0	0	0	111759	0	2344	0	0	27423	0	0	0	55942	181711	0	3488	0	0	0	0	0	0	7141	0	1517	284	100937	0	32632	668867	0	108095	5437	0	0	0	0	0	0	21223	254162	0	0	1098	440117	0	755
BB.008	0	0	0	0	0	0	0	1216	0	0	6997	0	0	0	0	17546	0	0	0	0	0	0	0	0	0	0	0	0	1131701	0	0	0	0	0	426454	0	0	0	0	0	0	0	0	0	0	0	0	1238365	0	0	0	0	0	0	0	0	0	0	0	0	0	0	766	0	193	0	0	0	1184	0	0	0	0	64214	0	0	1204	0	1439	0	16345	64562	0	0	58043	0	0	0	0	0	0	0	0	0	0	0	0	0	0	0	0	0	0	0	0	0	0	0	0	0	0	1069	0	0	0	0	0	0	0	0	0	143497	0	0	0	0	0	0	0	0	0	0	30439	0	0	0	0	0	0	37317	0	66177	0	0	0	0	0	0	11210	0	0	0	0	0	0	0	30781	0	0	0	0	0	664	0	0	74508	0	66829	0	0	0	0	0	0	0	0	9901	0	0	0	0	0	0	0	0	0	0	0	3800	0	0	0	724075	0	414	0	0	0	0	0	0	0	2407	9724	41681	3660	0	109755	0	0
BB.006	0	0	0	0	0	0	0	0	0	0	0	0	0	0	0	0	0	0	0	2942	0	0	0	0	0	0	0	0	19123142	0	0	0	0	0	2350268	589733	0	0	0	4622158	0	0	0	0	0	0	0	0	0	0	0	0	0	0	0	0	0	0	0	650144	0	0	0	0	0	0	0	0	0	0	0	0	0	0	0	0	0	0	1563	0	365	0	0	0	0	0	0	0	0	0	0	0	12649	0	0	0	0	0	0	0	0	0	0	0	0	0	0	0	0	0	0	2543	0	0	0	0	0	0	0	0	0	38434	0	0	0	0	0	0	0	0	0	0	4767	0	0	0	0	0	0	6204	0	0	0	0	0	0	0	0	642319	0	263	0	0	0	0	0	8999	0	0	0	0	0	0	0	0	0	0	0	0	0	0	0	0	0	0	168480	566232	0	0	0	0	0	0	0	0	0	0	0	0	0	0	0	0	0	5648	0	0	1256878	0	0	0	99	0	299925	0	11349	1869	367	0	2530
BB.004	0	6329	0	6177	0	0	73744	0	238238	167169	3321	3805	780	96830	0	0	0	0	0	24250	0	0	707711	13303	0	0	0	0	0	0	0	15344	0	4583	454863	306444	451711	903726	58212	3408039	0	22272	0	0	0	584171	0	0	0	0	0	0	0	0	0	25214	0	0	4604	788246	313851	3033	1393	0	0	0	0	0	0	0	0	0	0	0	25048	747	2685	0	3370	0	8425	109	0	177	76570	0	760	0	0	0	0	13371	0	0	635	4381	11909	8070	0	0	86	2988	0	0	0	0	0	2935	0	0	759654	0	80350	136161	0	0	0	18500	0	0	0	70860	584	2524	25528	0	10903	8889	0	2807	7124	4761	44430	9703	0	0	0	0	1673	70060	0	5444	0	0	0	36832	0	0	476773	135104	93315	0	4166	0	50816	0	0	0	0	0	0	6562	0	0	0	197840	34099	37971	0	0	0	110830	0	0	16062	66590	0	34581	0	735	0	0	0	0	0	866	0	8206	608	7122	6976	1444	24785	0	29069	13589	0	144005	5326	0	0	0	197	433563	0	23101	3925	20097	0	0
BB.001	0	0	0	0	0	0	0	10726	3691	0	0	0	0	1739	0	0	0	0	0	0	0	0	0	32645	0	0	0	0	231788	0	0	21197	0	0	1212939	444396	0	0	0	3946177	0	0	0	0	0	0	0	0	0	0	0	0	0	0	0	0	0	0	0	87860	0	0	0	0	1636	0	0	0	0	0	0	0	0	2095	0	1461	7514	0	2316	19348	16441	5880	22114	1646	0	0	0	0	0	0	0	0	0	0	0	0	0	0	0	0	0	0	0	0	0	0	0	0	0	0	4417	0	306625	0	0	0	0	6951	1933	0	0	36913	0	0	0	0	0	0	0	0	0	0	72917	8266	0	0	0	0	346	0	0	0	0	0	0	0	0	227	613255	0	6642	0	0	0	0	558	0	0	0	0	0	0	0	0	0	0	0	0	0	0	0	0	0	0	0	0	31559	0	0	0	0	0	0	0	0	0	0	0	0	368	2694	10303	38135	0	637	0	0	70691	0	0	0	1851	1463	0	0	0	0	0	0	0
